"","Metabolites","pvalue","FDR","FC","log2FC","lipid_class"
"1","AcCa(10:0)",0.107157311752354,0.16143909959541,0.690181155529629,-0.534953011428478,"AcCa"
"2","AcCa(14:0)",0.264138382249597,0.343021338034545,0.859610109650524,-0.218245644861417,"AcCa"
"3","AcCa(14:2)",0.0802690430393868,0.124194552772203,1.35266279768092,0.435802237876717,"AcCa"
"4","AcCa(16:0)",0.022837142390648,0.0439883212491005,0.746811304509281,-0.421184329031811,"AcCa"
"5","AcCa(18:0)",3.77586191121592e-05,0.000171832466175502,0.582489088067252,-0.77969707128133,"AcCa"
"6","AcCa(20:0)",2.89286993734276e-07,2.24392884329019e-06,0.470566586463653,-1.08752921218026,"AcCa"
"7","AcCa(20:4)",0.013997641713406,0.0285930474857475,1.6652804735854,0.735765182565865,"AcCa"
"8","AcCa(20:5)",0.0670251346028519,0.107464880620215,1.66078884142181,0.731868655600638,"AcCa"
"9","AcCa(22:0)",5.62736007159323e-07,4.14115984755707e-06,0.39529289297055,-1.33900607792441,"AcCa"
"10","AcCa(22:1)",0.0218696665820852,0.0424094210071518,0.774913362047787,-0.367893073701808,"AcCa"
"11","AcCa(22:2)",0.666079672377901,0.735249484509453,1.0944503723699,0.130206537288065,"AcCa"
"12","AcCa(22:4)",0.223756839412133,0.29525615131624,1.4727281416484,0.558491140561579,"AcCa"
"13","AcCa(24:0)",0.000105735914861224,0.00041858517610443,0.474064337386418,-1.0768452278955,"AcCa"
"14","AcCa(24:1)",0.00026588005857796,0.000959843733482699,0.516651320247775,-0.952737137862772,"AcCa"
"15","AcCa(24:2)",0.0726033894086205,0.114198941714085,0.84507533149568,-0.242848143396545,"AcCa"
"16","Cer(d28:0)",0.470673192868296,0.551360025931432,1.06468361743412,0.090424781276708,"Cer"
"17","Cer(d12:0_18:0+O)",0.219199738124518,0.289909331067911,1.10176123116492,0.139811603275972,"Cer"
"18","Cer(d32:0)",0.774436023027839,0.826257020851263,1.00159175377548,0.00229458955150059,"Cer"
"19","Cer(d18:2_16:0+O)",4.77042834800235e-05,0.000209024875706363,0.344843282291841,-1.53598723220942,"Cer"
"20","Cer(d36:0)",0.484934709136312,0.56575716065903,0.962766233400103,-0.0547425510812723,"Cer"
"21","Cer(d38:1)",0.0364662629452615,0.0648038233144895,0.653354364359139,-0.614062406276139,"Cer"
"22","Cer(d38:2)",0.0477328854945181,0.0808220539051722,0.76607555977261,-0.384441399430184,"Cer"
"23","Cer(d18:0_22:0)",0.000369719736649522,0.00127842848696883,0.566291163675927,-0.820384076487576,"Cer"
"24","Cer(d18:1_22:0+O)",0.0376606050462618,0.0661109888998246,0.7193438679367,-0.475246507847848,"Cer"
"25","Cer(d16:1_24:1)",0.000510546623623129,0.0016650781929527,0.521919890996727,-0.938099709032596,"Cer"
"26","Cer(d18:2_24:0+O)",0.820192906446422,0.855992435191434,0.849222087888308,-0.23578619930056,"Cer"
"27","Cer(d42:4)",0.107942891979115,0.162196910984325,0.544108302930811,-0.878034251224554,"Cer"
"28","Cer(d44:2)",0.20473126555148,0.274569500996611,0.795767480692567,-0.329581150872251,"Cer"
"29","Cer(m18:0_16:0)",0.0564894719918914,0.0934436798943679,0.524256435479721,-0.931655428736798,"Cer"
"30","Cer(m34:1)",0.649417195214038,0.721016383080963,1.01878600196406,0.0268510423496307,"Cer"
"31","Cer(m18:1_18:0)",0.804870017758146,0.847697963657203,0.988777004499913,-0.0162829033033554,"Cer"
"32","Cer(m18:0_20:0)",0.192089073981191,0.259433243447538,0.716031856350351,-0.481904320280098,"Cer"
"33","Cer(m18:1_20:0)",0.527094193324567,0.603896341254095,0.968434076385772,-0.0462742504040619,"Cer"
"34","Cer(m38:1)",0.651761354349385,0.722222041306075,0.824466160305726,-0.278467814518739,"Cer"
"35","Cer(m18:0_22:0)",0.0166325231145896,0.0334984851500857,0.615093420739742,-0.701122550447888,"Cer"
"36","Cer(m18:0_24:0)",0.00670897174823859,0.0152211453892844,0.574140925002873,-0.800523199713009,"Cer"
"37","Cer(m18:1_24:0)",0.0115187290606925,0.0241304762074362,0.643907076791827,-0.63507558903868,"Cer"
"38","Cer(m42:1)",0.00051047997891838,0.0016650781929527,0.579742276487501,-0.786516399933985,"Cer"
"39","Cer(m42:2)",0.00245480598398999,0.00631864858659306,0.587081783470266,-0.76836660281542,"Cer"
"40","Cer(t34:0)",0.0259643937709668,0.0491866733483001,1.10775250628841,0.147635590922956,"Cer"
"41","Cer(t18:1_20:0)",0.07789737959978,0.122004060257543,0.743378211947727,-0.427831690754965,"Cer"
"42","Cer(t16:1_24:1)",0.93960009816069,0.947856689532928,0.886438587403583,-0.173907410427049,"Cer"
"43","Cer(t18:1_24:0)",8.84682173939143e-06,4.79063743246291e-05,0.483705337478802,-1.04779963750112,"Cer"
"44","Cer(t18:1_24:0+O)",0.0314541061305603,0.0580535592248926,0.554608206191867,-0.850459131692943,"Cer"
"45","Cer(t18:1_24:1)",0.213044054199085,0.283072423866377,0.764054118448236,-0.388253265982721,"Cer"
"46","Cer(t18:1_24:2)",0.702377810356022,0.765018715643941,1.00226680996872,0.00326661450053506,"Cer"
"47","ChE(16:1)",0.0543927091391132,0.0907599274588691,0.84106100085126,-0.249717654176182,"ChE"
"48","DG(8:0_10:0)",0.120779724576456,0.177776754197984,1.27774300571896,0.35359769414212,"DG"
"49","DG(12:0_12:0)",0.00917275982116131,0.0196461348408455,1.14613760392135,0.196780262748744,"DG"
"50","DG(26:2e)",0.000157960710868815,0.000608519785494629,0.615158848196632,-0.700969099208553,"DG"
"51","DG(28:2e)",5.66871317998286e-12,2.7115344710918e-10,0.393196142987005,-1.34667892509293,"DG"
"52","DG(16:0_18:2)",0.516371318104698,0.594006548590205,0.843260947698931,-0.245948951625067,"DG"
"53","DG(18:0_18:0)",0.0081672755984652,0.0178931915783169,1.33706663593585,0.419071367404777,"DG"
"54","DG(36:1e)",1.09655404973428e-08,1.04903670757912e-07,0.542110867983206,-0.883340165203483,"DG"
"55","DG(18:0_18:2)",0.0325329358858678,0.059471035663975,0.829343552384489,-0.269958238463741,"DG"
"56","DG(18:1_18:2)",0.15378224030652,0.216350504744957,0.738773392124809,-0.436796188151281,"DG"
"57","DG(18:2_18:2)",0.183847060096771,0.248887293621572,0.549404666744221,-0.864058929904701,"DG"
"58","DG(38:0e)",1.38595935291696e-12,9.94938671578313e-11,0.333656068047297,-1.58356635317599,"DG"
"59","DG(20:0_18:1)",6.62530087157226e-06,3.72835558851224e-05,0.446979089901559,-1.16172075251888,"DG"
"60","DG(40:3e)",1.09196997213131e-12,9.94938671578313e-11,0.326462423022128,-1.61501115285382,"DG"
"61","DG(18:0_22:5)",0.503695144476825,0.581732420381685,1.20276918603011,0.266359812822525,"DG"
"62","DG(18:0_22:6)",0.00236300052894991,0.006109740106384,0.595715032916674,-0.747305728821352,"DG"
"63","DG(40:6e)",4.90603412774269e-06,2.8160635893243e-05,1.6736884267302,0.743030981264309,"DG"
"64","DG(40:7e)",2.25070750108013e-09,2.4844348185e-08,0.452850939800388,-1.14289184329026,"DG"
"65","DG(42:4e)",2.82675420650203e-10,4.50710254036713e-09,0.388780020500246,-1.36297401448751,"DG"
"66","FA(20:4)",0.231782739591731,0.304477784098526,1.26749797911196,0.341983447009697,"FA"
"67","LPC(16:2e)",0.299452896662051,0.377771346558279,1.0581914214707,0.0816006272881971,"LPC"
"68","LPC(18:2e)",0.0936125651550492,0.142908543614357,0.788614089369159,-0.342608609040369,"LPC"
"69","LPC(20:0)",0.0341719696787069,0.0612959706111805,0.729468530809693,-0.45508235310344,"LPC"
"70","LPC(20:0e)",0.000385821808237051,0.00131042436643827,0.200684616936931,-2.3169980607447,"LPC"
"71","LPC(20:3)",0.533570806663884,0.607677863144979,0.881633461988231,-0.181749113119476,"LPC"
"72","LPC(20:3e)",2.8035557209611e-11,9.46612343430395e-10,0.212838135736977,-2.23217142285786,"LPC"
"73","LPC(22:1)",0.00355480553880659,0.0088715581707608,0.648575890567836,-0.624652699222995,"LPC"
"74","LPC(22:3)",0.531320926882994,0.607065115116747,1.12430549460284,0.169034095759118,"LPC"
"75","LPE(18:0e)",1.86351772148469e-09,2.18297790231064e-08,0.257670835211852,-1.95639884164926,"LPE"
"76","LPE(18:2e)",0.0802720889869116,0.124194552772203,0.861153249066053,-0.215658095367521,"LPE"
"77","LPE(20:0)",0.913439076049874,0.934606113462794,1.10273291015307,0.14108340211822,"LPE"
"78","LPE(20:1e)",0.000252076493876306,0.000915771566360758,0.436246553392537,-1.19678436166968,"LPE"
"79","LPE(22:0)",0.0564795219801406,0.0934436798943679,0.901013386511794,-0.150379554319455,"LPE"
"80","LPE(22:3)",0.410752837424674,0.494281192204954,2.02840074566824,1.02034270987198,"LPE"
"81","LPE(24:1)",0.0640632282126782,0.103612839123786,0.785902951092511,-0.34757692568852,"LPE"
"82","LPG(18:2)",0.278487533623305,0.35681215245486,1.4656555295225,0.551546069197807,"LPG"
"83","LPG(20:4)",0.202388984246231,0.272063880462146,1.18127095758415,0.240339925214773,"LPG"
"84","LPG(22:4)",0.269803591636986,0.347251540705959,1.24173187618295,0.312353689934566,"LPG"
"85","LPG(22:6)",0.153761506224034,0.216350504744957,0.80024601041446,-0.321484515580887,"LPG"
"86","LPI(16:0)",0.128721803252056,0.187758969241137,1.56976465222767,0.650548278533946,"LPI"
"87","LPI(18:0)",0.623547061930053,0.697692034206336,1.30299347484092,0.381829859164516,"LPI"
"88","LPS(18:0)",0.261066419868317,0.33980073697146,0.858358725284901,-0.220347390016643,"LPS"
"89","LSM(d18:1)",0.365015270801993,0.44295722080411,1.39789890530342,0.483260030176069,"LSM"
"90","LSM(d22:0)",0.918665579338023,0.93828121448403,0.928416052686932,-0.107156627211847,"LSM"
"91","MG(20:3)",0.0133689124866651,0.0275045009582285,1.08361273385894,0.115849252295235,"MG"
"92","PA(18:0e)",0.876963882705915,0.905356069473421,1.13543727075912,0.183248004006412,"PA"
"93","PC(18:0)",0.499483725327077,0.578031569229319,1.0154226675381,0.0220803711874534,"PC"
"94","PC(24:3e)",0.0469714904462249,0.0798209563483842,0.79390477547989,-0.332962120493422,"PC"
"95","PC(28:0)",0.876965112590979,0.905356069473421,1.04973713312399,0.0700281048273913,"PC"
"96","PC(30:0)",0.00849090336896163,0.0183224756909172,1.28028837114995,0.356468798327725,"PC"
"97","PC(30:0e)",3.57548562314079e-06,2.20680510503528e-05,0.480660300922606,-1.05691044270595,"PC"
"98","PC(30:1e)",1.30577040015207e-06,8.92276440103916e-06,0.446021053675123,-1.16481628313684,"PC"
"99","PC(30:3)",0.887363076377662,0.911174250162393,1.0128859913833,0.0184717961308106,"PC"
"100","PC(32:0)",2.02715536013633e-08,1.84696377256866e-07,1.52925621061193,0.612830135157459,"PC"
"101","PC(32:0e)",0.820201810723499,0.855992435191434,0.982841547986672,-0.024969248372308,"PC"
"102","PC(16:1e_16:0)",4.47930701835004e-05,0.000200868924104135,0.577590264669994,-0.7918816691974,"PC"
"103","PC(32:1e)",0.00740598685839931,0.0164768854911675,0.720842759498373,-0.472243502317262,"PC"
"104","PC(32:2e)",7.41156174438339e-05,0.000306060175631371,0.52860070085647,-0.919749757078738,"PC"
"105","PC(32:3)",0.00583216958516913,0.0136639401709677,1.22578188531665,0.293702289822585,"PC"
"106","PC(34:0)",2.91412574616879e-05,0.000137107227729581,1.34843707584288,0.431288200485265,"PC"
"107","PC(34:0e)",0.8099725955368,0.848401952259349,0.92795313193408,-0.107876153795072,"PC"
"108","PC(34:1)",0.00226165964933346,0.00590087563053367,1.10392333966725,0.142639989759246,"PC"
"109","PC(34:1e)",0.000867756828857205,0.00267791623529051,0.586780171860868,-0.76910797377604,"PC"
"110","PC(16:0e_18:2)",2.00192547628805e-06,1.30580139021516e-05,0.48861311350907,-1.03323551138733,"PC"
"111","PC(34:2e)",8.74423016541333e-07,6.19652853697192e-06,0.43492679582651,-1.2011554989501,"PC"
"112","PC(16:1e_18:2)",6.56485838992644e-10,9.19080174589702e-09,0.348432787763537,-1.52104770597304,"PC"
"113","PC(34:3e)",1.38124089484147e-09,1.76184949697556e-08,0.38678205178453,-1.37040724526968,"PC"
"114","PC(34:4)",0.000184988697245423,0.000707890081459152,1.48418364603562,0.569669615430848,"PC"
"115","PC(34:5e)",0.00202251814155795,0.00534988669702426,2.19075846346033,1.13143043239899,"PC"
"116","PC(14:1e_20:4)",0.142695627736604,0.203243896577694,1.14768197829434,0.198722927815442,"PC"
"117","PC(16:0_20:1)",0.132233050508422,0.19118834002981,1.07232208772222,0.100738305578055,"PC"
"118","PC(36:1)",0.0388915300095674,0.0676476915923991,1.09930154589186,0.136587181637721,"PC"
"119","PC(18:0e_18:1)",0.132233050508422,0.19118834002981,0.732745165433391,-0.448616550673714,"PC"
"120","PC(36:2)",0.29335812198829,0.371716472453154,1.05312585198008,0.0746778534369908,"PC"
"121","PC(36:3)",0.308752385044409,0.387798400471533,1.25670284167167,0.329643552281396,"PC"
"122","PC(36:3e)",0.00154802878364961,0.00423127867530893,0.682890048101458,-0.550274785520346,"PC"
"123","PC(36:4e)",0.00527062731618118,0.0125532783381245,0.725022594082845,-0.463902139948255,"PC"
"124","PC(36:5)",0.866588337389726,0.897873114912821,1.01144246075259,0.0164142497547738,"PC"
"125","PC(36:5e)",0.020218721535819,0.0396093725650516,0.810240455215793,-0.30357797446174,"PC"
"126","PC(14:1e_22:5)",0.00120373460546865,0.00347207871125127,1.72756731301462,0.788741924946625,"PC"
"127","PC(36:7)",0.000334303280475519,0.00117723977296287,1.45780255370014,0.543795332773698,"PC"
"128","PC(38:1)",0.53197517927478,0.607065115116747,0.959627030414628,-0.0594542993903304,"PC"
"129","PC(20:1e_18:1)",0.00138157050300435,0.00384961878021602,0.596180119848186,-0.74617982669452,"PC"
"130","PC(38:3)",0.180032630778597,0.24487850726757,1.14813488448555,0.199292141793373,"PC"
"131","PC(18:0_20:3)",0.000205361205963575,0.000760498917568334,1.36305920812183,0.446848230821411,"PC"
"132","PC(16:0e_22:4)",0.00326559232402736,0.00825748896031587,0.637793065117648,-0.648839683993286,"PC"
"133","PC(18:0e_20:4)",8.06679158858503e-06,4.40984606842648e-05,0.46129415523355,-1.11624108184428,"PC"
"134","PC(18:1e_20:4)",0.0304526501733932,0.0563865199984765,1.23676017917866,0.306565773674939,"PC"
"135","PC(38:6e)",0.000374372803361092,0.00128676640197166,0.706459903730107,-0.501320414485675,"PC"
"136","PC(16:1e_22:6)",0.000451302635188061,0.00150609135231365,0.63725266579194,-0.650062591462534,"PC"
"137","PC(38:7e)",0.000591170748853158,0.00187476248531333,0.64233811332298,-0.638595193163754,"PC"
"138","PC(38:8e)",0.00832768317468789,0.0180380760085692,0.656548821116114,-0.607025800656785,"PC"
"139","PC(40:1e)",0.00657672386784387,0.0150258743686718,0.552260701596348,-0.856578624782788,"PC"
"140","PC(40:4)",2.81645085154356e-07,2.21457916272055e-06,1.74118465286225,0.800069209101817,"PC"
"141","PC(40:5)",0.0010472271196882,0.00311455112280326,1.88460671735087,0.914263491066866,"PC"
"142","PC(18:1e_22:4)",0.0114111540482862,0.0239926828707557,0.619663379360202,-0.690443383922579,"PC"
"143","PC(40:5e)",0.0414514327648438,0.0718825450363153,0.667268910433419,-0.583659807893032,"PC"
"144","PC(40:6)",0.247603022995204,0.32448432693892,1.16229790511309,0.216979889005776,"PC"
"145","PC(40:6e)",0.000205361205963575,0.000760498917568334,0.66808730633077,-0.581891447008356,"PC"
"146","PC(20:2e_20:4)",0.934368562668976,0.944238653119704,0.992483312469648,-0.0108852497800589,"PC"
"147","PC(40:7)",0.423455941054294,0.508501485701182,1.11440940615239,0.156279340144528,"PC"
"148","PC(40:7e)",0.00281130972009458,0.00717196346370796,0.696489377276022,-0.521826745604371,"PC"
"149","PC(20:4_20:4)",0.00711973951605457,0.0160263940479032,1.21497072402482,0.280921551021949,"PC"
"150","PC(40:9)",0.216738651604376,0.287316364944369,1.1177836789319,0.160641015078536,"PC"
"151","PC(42:11)",0.00173273665140753,0.00464762073788749,1.26330146177449,0.337198950693761,"PC"
"152","PC(42:4)",0.207092053879462,0.2764438114577,1.16363721409007,0.218641340881109,"PC"
"153","PC(22:1_20:4)",0.00832703020471024,0.0180380760085692,1.58946465820947,0.66854093846848,"PC"
"154","PC(42:5e)",0.000210339552229098,0.00077394168576604,0.485707444934911,-1.04184049469341,"PC"
"155","PC(42:6e)",0.000145879001464744,0.000565773965140292,0.531981674011534,-0.910551547033197,"PC"
"156","PC(22:4_20:4)",3.35458010102911e-06,2.1159659098799e-05,1.78249010367998,0.833894066901171,"PC"
"157","PC(42:8)",3.27108586476364e-05,0.000151419619868897,1.70204866431819,0.767272286593113,"PC"
"158","PC(20:2e_22:6)",0.0441088578078461,0.0758808913649316,0.672645629182324,-0.572081446914571,"PC"
"159","PC(22:5_20:4)",0.000888409411441577,0.00271248405408226,2.01857694766919,1.01333858305565,"PC"
"160","PC(42:9)",0.00189481654184639,0.00505871951172013,1.79958875825776,0.847667259773297,"PC"
"161","PC(22:4_22:6)",5.30588338240584e-05,0.000228990756503831,1.47557114705487,0.561273484327108,"PC"
"162","PC(44:4e)",0.934368562668976,0.944238653119704,0.961469496192842,-0.056687007877995,"PC"
"163","PC(22:4_22:4)",7.82391414030662e-06,4.3181987659e-05,1.90167005162212,0.927266953779178,"PC"
"164","PC(44:8)",3.93318351132302e-06,2.37647087947307e-05,1.89061576821471,0.918856192681736,"PC"
"165","PC(32:1_18:1)",7.11651151693585e-07,5.17073115281162e-06,0.193034785939156,-2.37306724231738,"PC"
"166","PC(30:1_20:4)",0.0184770828274731,0.0366984274843236,0.626626484508165,-0.67432234806202,"PC"
"167","PC(32:1_20:4)",0.00102275099981589,0.00305849708920652,0.494209094598715,-1.01680653502654,"PC"
"168","PE(22:5e)",0.000504506882971098,0.00166429282083569,2.49512385185373,1.319111429198,"PE"
"169","PE(24:5e)",0.0100609932232285,0.0213889263338264,4.11345071546618,2.04034915823328,"PE"
"170","PE(18:1_14:0)",0.284373047599236,0.362733620715469,1.067250254156,0.0938985061503789,"PE"
"171","PE(16:2e_16:1)",0.00224892594531616,0.0058944451717419,0.550954648042261,-0.859994526975419,"PE"
"172","PE(12:0p_20:4)",0.159561291197104,0.220169699588676,1.3510221322876,0.434051308919724,"PE"
"173","PE(12:1e_20:4)",0.146263947813038,0.207297545789343,1.44330597984259,0.52937718257769,"PE"
"174","PE(18:0_16:0)",0.0102873063746916,0.0217893500334797,1.42041499352221,0.506312494256347,"PE"
"175","PE(18:1e_16:0)",0.315057016346138,0.393136363875398,0.819978411713955,-0.286342167745922,"PE"
"176","PE(16:0p_18:1)",0.466630642245367,0.547742308075338,0.883623826231597,-0.178495774516119,"PE"
"177","PE(16:1e_18:2)",8.74008887162424e-05,0.000350825944916945,0.669846195026557,-0.578098221921828,"PE"
"178","PE(14:0p_20:4)",0.524945656728766,0.602637613924623,1.11513470456413,0.157217993435726,"PE"
"179","PE(18:0e_18:1)",0.00548910539961976,0.0130196136338088,0.726435318598923,-0.461093748083382,"PE"
"180","PE(18:0p_18:1)",1.39514022232505e-06,9.42129985428915e-06,0.634891765894728,-0.655417427594722,"PE"
"181","PE(18:1e_18:1)",1.28994718971671e-07,1.05775669556771e-06,0.597516425357339,-0.742949722453609,"PE"
"182","PE(18:1p_18:1)",0.00770251472444603,0.0170704380379615,0.7331564634,-0.447806977178938,"PE"
"183","PE(18:2e_18:1)",0.00312955081627588,0.00794850517054138,0.706130863292536,-0.501992519991675,"PE"
"184","PE(18:1e_18:2)",9.66108735477728e-08,8.15509432594435e-07,0.500213283697515,-0.999384724553479,"PE"
"185","PE(18:2_18:2)",0.113850616694241,0.168428489645604,1.12585639430532,0.17102281992605,"PE"
"186","PE(16:1e_20:4)",6.30000929904901e-06,3.58040132441003e-05,1.26716918729438,0.341609160133965,"PE"
"187","PE(16:0p_20:5)",0.000369719736649522,0.00127842848696883,0.761232158174152,-0.393591585484578,"PE"
"188","PE(14:0_22:6)",0.0715719127819223,0.113178837752642,1.08930841040987,0.123412474877416,"PE"
"189","PE(36:6e)",0.0441536894005003,0.0758808913649316,1.35802386401787,0.441508831716469,"PE"
"190","PE(14:1e_22:6)",0.95534351454931,0.962047679563691,0.943295055485953,-0.0842189894106685,"PE"
"191","PE(18:0_20:1)",0.0715747702163922,0.113178837752642,1.12427544883787,0.168995540886323,"PE"
"192","PE(20:0p_18:1)",0.00154718029560888,0.00423127867530893,0.553166650490608,-0.854213913493169,"PE"
"193","PE(20:1_18:1)",0.151890323202828,0.214741491424687,1.18741754594736,0.247827336447466,"PE"
"194","PE(16:0_22:4)",1.03058539408864e-05,5.42711941474199e-05,1.69217135648155,0.758875669302254,"PE"
"195","PE(18:1p_20:3)",0.00386641517122893,0.00944479895218217,1.33489178965563,0.416722797452472,"PE"
"196","PE(18:0p_20:4)",0.00151333648326637,0.0041964016492507,1.19611415733946,0.258355087168165,"PE"
"197","PE(18:1e_20:4)",0.0257452989392071,0.0489331178513407,1.13676338422213,0.18493199043585,"PE"
"198","PE(18:1p_20:4)",7.83159533598725e-05,0.000316572938229344,1.28470202282394,0.361433775726328,"PE"
"199","PE(16:0p_22:5)",0.00193752014127918,0.00514878037543633,1.49663018640936,0.581717779081972,"PE"
"200","PE(16:1e_22:5)",0.00128984447891221,0.00366520163809707,1.51646839001295,0.600715426055159,"PE"
"201","PE(18:2p_20:4)",0.00128969864829121,0.00366520163809707,1.45538340996909,0.541399270517635,"PE"
"202","PE(16:0p_22:6)",0.0051643610937941,0.0124552238144446,1.25072825860756,0.322768374200152,"PE"
"203","PE(18:1_22:0)",0.386314819946069,0.465850224052613,1.0327426826525,0.0464808382251631,"PE"
"204","PE(18:1e_22:1)",0.00281124049863346,0.00717196346370796,0.602169583112142,-0.731758258630731,"PE"
"205","PE(18:0_22:3)",0.268387346149959,0.346969226779451,1.37800841730465,0.462584700499812,"PE"
"206","PE(40:4)",1.54320526974211e-07,1.24760538708728e-06,1.87385669385587,0.90601062483866,"PE"
"207","PE(20:0_20:4)",7.83159533598725e-05,0.000316572938229344,1.54247878703416,0.625250648822949,"PE"
"208","PE(20:0p_20:4)",0.804870017758146,0.847697963657203,1.06859388351706,0.0957136645109604,"PE"
"209","PE(20:1e_20:4)",0.929131364379224,0.944238653119704,1.04508385738912,0.0636187086081301,"PE"
"210","PE(40:5e)",0.000909734923409921,0.00276289865628198,1.37453461184176,0.458943235482203,"PE"
"211","PE(20:1p_20:4)",0.269815657064212,0.347251540705959,1.27120840910366,0.34620057332646,"PE"
"212","PE(18:1p_22:5)",0.0336179524365922,0.0608728854845549,1.40654529941985,0.492156017064968,"PE"
"213","PE(18:0p_22:6)",0.104389074360094,0.157682443901826,1.22194863738702,0.289183645103969,"PE"
"214","PE(18:1_22:6)",0.00438151704644024,0.0106567406129521,1.25032539951973,0.322303607831531,"PE"
"215","PE(18:1p_22:6)",0.0341719696787069,0.0612959706111805,1.16762197957011,0.223573273813672,"PE"
"216","PE(40:8)",0.00832768317468789,0.0180380760085692,1.32976565660248,0.411172023285855,"PE"
"217","PE(18:2e_22:6)",0.049239385678138,0.0828838926077749,1.1748710433122,0.232502411782626,"PE"
"218","PE(20:0_22:4)",0.122374796473279,0.179649956971003,1.20636558735515,0.270667180154749,"PE"
"219","PE(22:1_20:4)",9.40503149911848e-06,4.99860007453149e-05,1.78923960860138,0.839346600913394,"PE"
"220","PE(20:1e_22:5)",0.845905358671998,0.878028346975998,1.00043303156841,0.000624597270882048,"PE"
"221","PE(42:6e)",0.0590988616451758,0.0971998469465068,1.22461402726765,0.292327113562564,"PE"
"222","PE(20:1e_22:6)",0.632914444347878,0.706795507890432,1.01714220375972,0.0245213923882257,"PE"
"223","PE(20:1p_22:6)",0.882161556001777,0.907456511012581,0.976489688191986,-0.0343232856681105,"PE"
"224","PE(22:4_22:6)",0.000876435977511248,0.00269023663685271,2.53886484432851,1.34418359561284,"PE"
"225","PE(22:6_22:6)",0.133914708413555,0.193133272938142,1.20279146771911,0.266386538968201,"PE"
"226","PE(24:0_20:4)",0.680523444921934,0.744038966447981,1.08557692931666,0.118461966036947,"PE"
"227","PG(16:0_14:0)",0.616560543897399,0.691222172259974,2.15475681140205,1.10752505410229,"PG"
"228","PG(16:0_20:4)",1.61905261189847e-05,8.29764463597965e-05,2.39417560085423,1.25952897065685,"PG"
"229","PG(18:1_22:6)",0.0209386933549127,0.0408803060738772,0.734667565857442,-0.44483651103539,"PG"
"230","PI(16:0_18:1)",0.797231274904177,0.844300280064571,1.02605124360984,0.0371027846054587,"PI"
"231","PI(18:0_18:2)",0.361538212110349,0.440602182587323,0.97602518095323,-0.035009725820801,"PI"
"232","PI(16:0_22:4)",0.537889595892446,0.611383421865869,1.11599002879778,0.15832413696257,"PI"
"233","PI(18:0e_20:4)",0.00102305129116316,0.00305849708920652,0.496966027405531,-1.00878086235284,"PI"
"234","PI(18:1e_20:4)",0.078006080338882,0.122004060257543,0.795818981619078,-0.329487784745981,"PI"
"235","PI(38:5e)",0.00161873959839929,0.00438281381830751,0.624775568840101,-0.678590055303696,"PI"
"236","PI(16:0e_22:6)",0.719560687897639,0.777830197463738,0.907485936734502,-0.140052808980738,"PI"
"237","PI(18:0_22:3)",0.614271363272284,0.690003449155169,0.952195412573532,-0.0706704165007339,"PI"
"238","PI(20:0_20:4)",0.157618695921941,0.219594979269889,1.41909002417578,0.504966113931438,"PI"
"239","PI(20:4_20:4)",0.731917469956915,0.785272201411718,0.993054843080045,-0.0100546997371865,"PI"
"240","PS(18:1_18:1)",0.159477174728188,0.220169699588676,1.39982933089032,0.485250942536308,"PS"
"241","PS(18:2_20:4)",0.000325959101587943,0.00115494150809555,1.2677553894667,0.342276407585654,"PS"
"242","PS(38:7e)",0.00112296258551537,0.00328867614329501,1.14598839811697,0.196592438454467,"PS"
"243","PS(18:1_22:0)",0.101589460165845,0.154265476548135,1.28818753350894,0.365342635353829,"PS"
"244","PS(18:2_22:6)",0.0849323704992204,0.130700216264216,1.15019759943892,0.201881731814657,"PS"
"245","PS(40:9e)",0.0330716357230483,0.0602638695397769,1.16839751885494,0.224531199654703,"PS"
"246","PS(20:4_22:6)",0.00370780756530132,0.00913425554713715,1.27181561080668,0.346889522306545,"PS"
"247","PS(42:7e)",0.026185854514774,0.0492809196441976,1.1971194995675,0.259567173023568,"PS"
"248","PS(20:3_22:5)",0.00363057362964587,0.00898253992852039,1.26571172429128,0.339948857141192,"PS"
"249","PS(42:9e)",0.0232342811102026,0.0444549245241876,1.26153449614292,0.335179656757241,"PS"
"250","PS(22:4_22:6)",0.0177074237018595,0.0354148474037191,1.30144336068007,0.380112526460388,"PS"
"251","PS(22:6_22:6)",0.000651322336453146,0.00205417044573685,1.39843133887944,0.483809421143471,"PS"
"252","SM(d30:1)",0.493248026470283,0.571968418573622,0.95614350520284,-0.0647009299166174,"SM"
"253","SM(d18:1_16:1)",0.992115453265835,0.992115453265835,0.925177792397935,-0.112197458379201,"SM"
"254","SM(d34:4)",0.830461704862648,0.865127075483049,1.02271312134089,0.0324015151111981,"SM"
"255","SM(d18:0_18:1)",0.104389074360094,0.157682443901826,1.16157044878414,0.216076655678669,"SM"
"256","SM(d36:1)",0.0873432655962992,0.133693425206069,1.22368552726824,0.291232850071521,"SM"
"257","SM(d18:2_18:2)",0.434993077959786,0.520179222393578,0.943967912163882,-0.083190275288422,"SM"
"258","SM(d38:1)",0.000562430677539718,0.00179554999071011,1.51152184514502,0.596001829547588,"SM"
"259","SM(d40:1)",0.00138145468677358,0.00384961878021602,1.57305177065996,0.653566152028438,"SM"
"260","SM(d18:1_22:1)",0.299452896662051,0.377771346558279,0.753351232558915,-0.408605450004753,"SM"
"261","SM(d42:3)",0.278475425387935,0.35681215245486,1.23877446637573,0.308913551595709,"SM"
"262","SM(d44:3)",0.00120180834764013,0.00347207871125127,1.79075411951956,0.840567260885068,"SM"
"263","SM(t32:1)",0.211738101119289,0.28198995369483,1.72057176148631,0.782888065153294,"SM"
"264","SPH(d18:0)",0.00161236250285251,0.00438281381830751,0.498513645001322,-1.004295101184,"SPH"
"265","SPH(d18:1)",0.436932267263985,0.521411894822303,0.949124931988567,-0.0753300952094232,"SPH"
"266","SPH(m18:1)",3.80186815405727e-05,0.000171832466175502,0.470504349105383,-1.08772003632511,"SPH"
"267","SPH(t16:0)",0.744344788761057,0.795631114988541,1.00843069074978,0.0121119312015164,"SPH"
"268","SPH(t20:0)",0.58225312353298,0.660500578869428,0.956800808922033,-0.0637094856321638,"SPH"
"269","TG(6:0_10:3_10:4)",0.46260743267672,0.544132513025486,1.02899325045093,0.0412335190900898,"TG"
"270","TG(14:1e_10:1_10:1)",0.440044671255276,0.521871159711836,1.33597416876369,0.417892113383222,"TG"
"271","TG(4:0_16:0_18:2)",0.00571572495830536,0.0134460087133905,1.18126794100637,0.240336241041103,"TG"
"272","TG(16:0_12:0_14:0)",3.64585330112848e-10,5.5071573548625e-09,0.371685729431204,-1.42784479671744,"TG"
"273","TG(12:0_14:0_18:2)",2.57351975385575e-10,4.34470687856824e-09,0.315202469709502,-1.6656492560839,"TG"
"274","TG(16:0_14:0_16:0)",3.5024423985882e-09,3.79321120148986e-08,0.525760492797101,-0.927522357243127,"TG"
"275","TG(16:0_16:0_16:0)",0.000105740157726729,0.00041858517610443,0.714398769597224,-0.485198499167185,"TG"
"276","TG(16:0e_16:0_16:0)",1.84235189404176e-10,3.52503329059991e-09,0.344077636506702,-1.53919396843105,"TG"
"277","TG(16:0_14:0_18:1)",8.8221557507277e-11,2.02556696036708e-09,0.523705839585839,-0.933171403228682,"TG"
"278","TG(16:2e_16:0_16:0)",5.52346247841377e-10,8.12940375028078e-09,0.312247382888761,-1.67923861499722,"TG"
"279","TG(16:0_14:0_20:4)",2.33414846280627e-12,1.488668019612e-10,0.285891608598222,-1.80645981983405,"TG"
"280","TG(18:0_16:0_18:1)",4.94515100646405e-14,1.41925833885518e-11,0.475430652242841,-1.0726931743307,"TG"
"281","TG(18:0_16:0_20:0)",2.1594697142165e-09,2.47907123192054e-08,0.420259837841385,-1.25064650305506,"TG"
"282","TG(18:0_18:0_18:1)",3.59915131169696e-13,5.16478213228514e-11,0.372892727114945,-1.42316743576863,"TG"
"283","TG(18:0e_16:0_20:1)",2.08874471157934e-10,3.74668582639544e-09,0.332162089109451,-1.59004067232421,"TG"
"284","TG(18:1e_18:1_18:1)",3.98808301418603e-11,1.14457982507139e-09,0.33466294611244,-1.57921927024214,"TG"
"285","TG(18:0e_16:0_20:4)",8.16235709093586e-15,4.68519297019718e-12,0.229041521362707,-2.12631893659104,"TG"
"286","TG(14:0_20:4_20:4)",2.78538814842898e-11,9.46612343430395e-10,0.243553954118793,-2.03768668924435,"TG"
"287","TG(14:0_20:4_22:6)",3.27679372580398e-11,1.02871738036227e-09,0.224165582074388,-2.15736330819065,"TG"
"288","TG(16:1_20:4_22:6)",3.40516206043261e-11,1.02871738036227e-09,0.203081790601367,-2.29986720920136,"TG"
"289","TG(18:0e_18:0_22:4)",1.48399742551921e-11,6.08438944462875e-10,0.312747154272814,-1.67693133770706,"TG"
"290","TG(18:0_18:1_22:4)",0.000246243948218795,0.000900280422150245,0.515598360090369,-0.955680419809315,"TG"
"291","TG(18:1_18:1_24:1)",2.74485682032772e-08,2.46179346073143e-07,0.378389751941751,-1.40205507868105,"TG"
"292","TG(18:0e_20:4_22:4)",6.34800667722095e-09,6.17639679141886e-08,0.341521979730265,-1.54994966416869,"TG"
"293","TG(22:5_20:4_20:4)",8.44382370336163e-11,2.01948116905399e-09,0.273028447234867,-1.8728768193959,"TG"
"294","TG(18:1_20:4_24:1)",1.48399742551921e-11,6.08438944462875e-10,0.277359821152953,-1.85016928351171,"TG"
"295","TG(18:0_22:4_22:4)",0.0036304885523287,0.00898253992852039,0.697553316375667,-0.519624603635721,"TG"
"296","TG(18:0_22:4_22:5)",0.0175504752390711,0.0352236810742197,0.667809592797553,-0.582491277643778,"TG"
"297","TG(22:4_20:4_22:6)",6.34634348062803e-09,6.17639679141886e-08,0.322369006374507,-1.63321504984041,"TG"
"298","TG(22:5_20:4_22:6)",5.0362049607341e-09,5.25596663174796e-08,0.310682166693238,-1.68648866244471,"TG"
"299","TG(20:4_22:6_22:6)",1.49577832268479e-09,1.86647121135015e-08,0.199106479918778,-2.32838792056646,"TG"
"300","TG(22:4_22:4_22:5)",0.351165415636458,0.43162515754888,0.983289189272674,-0.0243123135486649,"TG"
"301","TG(22:4_22:6_24:2)",0.0339665620341043,0.0612959706111805,1.70808937214275,0.772383462882236,"TG"
"302","TG(24:2_22:6_22:6)",0.155633684199691,0.218419889316925,1.74009500996001,0.799166080014247,"TG"
"303","AcCa(12:0)",0.11013516354319,0.163776124025366,0.750525625397963,-0.414026763876279,"AcCa"
"304","AcCa(14:1)",0.324671483601158,0.400777272230247,1.16235009583197,0.217044668956367,"AcCa"
"305","AcCa(16:1)",0.8099725955368,0.848401952259349,1.03343886040187,0.0474530395575924,"AcCa"
"306","AcCa(18:1)",0.427281614059488,0.512024314133917,0.885850958736748,-0.174864103983629,"AcCa"
"307","AcCa(18:2)",0.358083202635493,0.439187517762336,1.17466273580382,0.232246595745604,"AcCa"
"308","AcCa(18:3)",0.308551217036717,0.387798400471533,1.37608386930528,0.460568401830318,"AcCa"
"309","AcCa(20:2)",0.680356041702527,0.744038966447981,1.26129865355006,0.33490992117034,"AcCa"
"310","AcCa(20:3)",0.438874129266089,0.521560559417671,1.03892692247842,0.055094179472362,"AcCa"
"311","AcCa(22:5)",0.162644810623342,0.223880386805272,1.69678700104592,0.76280547364823,"AcCa"
"312","Cer(d16:0_18:1)",0.491173073362481,0.570715271477862,0.924419793525057,-0.113379944001419,"Cer"
"313","Cer(d18:0_14:0)",2.05223081814366e-05,0.000101550042208143,0.445616806188016,-1.16612445074872,"Cer"
"314","Cer(d18:0_16:0)",0.00740449528863949,0.0164768854911675,0.533698080047405,-0.905904273576253,"Cer"
"315","Cer(d18:0_18:0)",0.00793027446857918,0.017440526992201,0.429844378956104,-1.21811365447938,"Cer"
"316","Cer(d18:0_20:0)",0.00121479058567706,0.00348644898089316,0.704089325039267,-0.506169625376644,"Cer"
"317","Cer(d18:1_12:0)",0.00013468180409807,0.00052590037790675,0.650988263648916,-0.61929656090987,"Cer"
"318","Cer(d18:1_14:0)",9.12184767752937e-06,4.8934023989737e-05,0.495414652742762,-1.0132915554781,"Cer"
"319","Cer(d18:1_16:0)",0.000867756828857205,0.00267791623529051,0.542046686232652,-0.883510979294088,"Cer"
"320","Cer(d18:1_16:0+O)",2.37635117809924e-05,0.000114623998002434,0.413517408494448,-1.27398002880412,"Cer"
"321","Cer(d18:1_18:0)",0.0191780628373031,0.0376993427007261,0.380076188291724,-1.3956394514542,"Cer"
"322","Cer(d18:1_20:0)",0.0382728371993342,0.0669774650988348,0.679040913868764,-0.558429591908819,"Cer"
"323","Cer(d18:1_22:0)",0.00120370019016542,0.00347207871125127,0.559543189786606,-0.837678601244006,"Cer"
"324","Cer(d18:1_22:2)",0.73439731122554,0.786462792245261,0.846702901542771,-0.240072261884187,"Cer"
"325","Cer(d18:1_24:0)",0.000194917745889825,0.000736070961452367,0.580040489890712,-0.785774483396003,"Cer"
"326","Cer(d18:1_24:0+O)",2.13661400468456e-06,1.3779959985269e-05,0.467958253039605,-1.09554826341021,"Cer"
"327","Cer(d18:1_24:1)",0.0188433291260169,0.0371686285853392,0.643613032405028,-0.635734555656726,"Cer"
"328","Cer(d18:1_24:2)",0.0802720889869116,0.124194552772203,0.656918966411986,-0.606212675581364,"Cer"
"329","Cer(d18:1_26:1)",0.0695227345226064,0.110543073728466,0.769515918945045,-0.377976923050549,"Cer"
"330","Cer(d18:1_26:2)",0.586779664622798,0.664322539434883,0.862187064781152,-0.213927176671666,"Cer"
"331","Cer(d18:2_14:0)",0.0421139063221537,0.0728113922557717,0.660933197475755,-0.597423633352237,"Cer"
"332","Cer(d18:2_16:0)",0.00726159757356888,0.0162818633094865,0.52842529119775,-0.920228577181527,"Cer"
"333","Cer(d18:2_20:0)",0.054807761176692,0.0911874055519455,0.744886340308445,-0.42490778848439,"Cer"
"334","Cer(d18:2_22:0)",0.00231182154902145,0.00600445958886113,0.556571294944126,-0.845361591014221,"Cer"
"335","Cer(d18:2_22:0+O)",0.934348758799066,0.944238653119704,0.845764217551948,-0.241672570524871,"Cer"
"336","Cer(d18:2_24:2)",0.0982036431397554,0.149519605204827,0.539460511269283,-0.890410737177863,"Cer"
"337","Cer(d30:0)",0.635260336888039,0.70803773470628,1.05294453576607,0.0744294438824492,"Cer"
"338","Cer(d40:1)",0.0163360502351018,0.033017228292072,0.562444238159296,-0.830218023124401,"Cer"
"339","Cer(d40:2)",0.0188430297551982,0.0371686285853392,0.560737570730817,-0.834602357897253,"Cer"
"340","Cer(d42:2)",0.0320017697825997,0.0586869516140966,0.653941772751111,-0.612765911615059,"Cer"
"341","Cer(t18:0_16:0)",0.00207082537371206,0.00545254020417763,0.593913243673611,-0.751675891240171,"Cer"
"342","Cer(t18:0_18:0)",0.0448513487465467,0.0766219750888678,0.469782970778795,-1.08993367702099,"Cer"
"343","Cer(t18:0_22:0)",0.157561134494211,0.219594979269889,0.750727437895492,-0.413638882714537,"Cer"
"344","Cer(t18:0_24:0)",0.000199664004909474,0.000749066266784563,0.432648398678106,-1.20873303192856,"Cer"
"345","Cer(t18:0_24:1)",0.0627293165196689,0.102291555915596,0.768886667152534,-0.379157132313532,"Cer"
"346","Cer(t18:1_16:0)",2.51936698547778e-05,0.000120509720805354,0.413871441190391,-1.27274539469921,"Cer"
"347","ChE()",0.0113065299944765,0.0238601037383437,0.78534460223289,-0.348602260191747,"ChE"
"348","ChE(16:0)",0.482916047579224,0.564549513870621,0.93906408992804,-0.0907044715492416,"ChE"
"349","ChE(18:1)",0.0119602295709061,0.0248738107742758,0.793801133466717,-0.33315047252739,"ChE"
"350","ChE(18:2)",0.67570079243898,0.741591309483698,0.955439265744438,-0.065763926335753,"ChE"
"351","ChE(18:3)",0.00785473227929202,0.0173408320319755,1.2854922020294,0.362320858613703,"ChE"
"352","ChE(20:2)",0.00527062731618118,0.0125532783381245,0.74230559275421,-0.429914856305022,"ChE"
"353","ChE(20:3)",0.00607149581089534,0.013996138937566,0.758662496587064,-0.39846987300157,"ChE"
"354","ChE(20:4)",0.0837472642355397,0.129222929223655,0.804432037127096,-0.313957555655828,"ChE"
"355","ChE(20:5)",1.38667410672936e-12,9.94938671578313e-11,2.40816269025945,1.26793286074462,"ChE"
"356","ChE(22:4)",0.0590988616451758,0.0971998469465068,0.787496826690294,-0.344653984882556,"ChE"
"357","ChE(22:5)",0.714638898981361,0.77543048774159,1.0672609094076,0.0939129097092867,"ChE"
"358","ChE(22:6)",0.124782860214037,0.182717759599126,0.840671337636314,-0.250386209076405,"ChE"
"359","Co(Q10)",0.8099725955368,0.848401952259349,0.969907976868976,-0.0440802214150759,"Co"
"360","DG(16:0_16:0)",0.023034623290658,0.0442203136081528,1.23728247718859,0.307174911725201,"DG"
"361","DG(16:0_18:1)",0.600456148553251,0.678468167853476,1.0455900239885,0.0643172815070973,"DG"
"362","DG(16:0_20:4)",0.341115460428493,0.420172262416213,1.05144426744281,0.0723723810113951,"DG"
"363","DG(18:0_16:0)",0.022837142390648,0.0439883212491005,1.21662163528516,0.282880565118278,"DG"
"364","DG(18:0_18:1)",0.00447310879659129,0.0108336052710692,0.752569797628992,-0.41010270301705,"DG"
"365","DG(18:0_20:3)",0.0244618825172868,0.0466482410794772,0.824869811362648,-0.277761657132128,"DG"
"366","DG(18:0_20:4)",0.0320017697825997,0.0586869516140966,1.31666580149633,0.396889204585781,"DG"
"367","DG(18:0_22:4)",0.159565496566009,0.220169699588676,0.879233317377241,-0.1856820385545,"DG"
"368","DG(18:1_18:1)",0.16956760965015,0.232295484341733,0.856448810873276,-0.223561074504778,"DG"
"369","DG(20:1)",0.0336179524365922,0.0608728854845549,1.09945761559465,0.136791988958666,"DG"
"370","DG(26:4e)",0.456298267535434,0.537813563789197,1.24255121544843,0.313305317985292,"DG"
"371","DG(28:0e)",6.76040106914953e-13,7.76094042738366e-11,0.332813991390911,-1.58721200970768,"DG"
"372","DG(30:0e)",6.34856116191137e-09,6.17639679141886e-08,0.525233669430252,-0.928968693578287,"DG"
"373","DG(30:1e)",1.23146925291328e-08,1.14010217931004e-07,0.46904134211234,-1.0922130049147,"DG"
"374","DG(30:2e)",2.82646407559869e-10,4.50710254036713e-09,0.493913150914629,-1.01767071251089,"DG"
"375","DG(30:3e)",2.28139995802557e-10,3.96825326032326e-09,0.388945109524895,-1.36236152786068,"DG"
"376","DG(32:0e)",1.93767776625713e-06,1.27842188256505e-05,0.718047338176478,-0.477849136213412,"DG"
"377","DG(32:1e)",0.00173273665140753,0.00464762073788749,0.778692121738118,-0.360875064724418,"DG"
"378","DG(32:2e)",3.84838023704017e-08,3.39841577855547e-07,0.692836800262308,-0.529412533549743,"DG"
"379","DG(32:3e)",1.36283676105003e-10,2.79381536015257e-09,0.472621204393774,-1.08124373686743,"DG"
"380","DG(34:0e)",4.36059021041812e-11,1.19189465751429e-09,0.565229308431333,-0.823091820241195,"DG"
"381","DG(34:1e)",0.0146528305667631,0.0298252650543335,0.83485858217152,-0.26039625667638,"DG"
"382","DG(34:2e)",0.00953168183426831,0.0203389790813011,0.836673766547693,-0.257262894011618,"DG"
"383","DG(34:3e)",1.06949039108894e-06,7.48643273762258e-06,0.710759695034258,-0.492566221937847,"DG"
"384","DG(34:4e)",3.72246337281085e-07,2.81143944209661e-06,0.644525668049131,-0.633690280241781,"DG"
"385","DG(36:2e)",1.83775252344752e-09,2.18297790231064e-08,0.468333059336033,-1.0943932143205,"DG"
"386","DG(36:3e)",0.000445746654119977,0.00149624900271852,1.20138422657173,0.26469762741207,"DG"
"387","DG(36:4e)",0.0133689124866651,0.0275045009582285,0.837351615886355,-0.25609453665806,"DG"
"388","DG(38:2e)",4.44666244269686e-09,4.72663748538518e-08,0.317776442373834,-1.65391591711776,"DG"
"389","DG(38:3e)",4.7541474440403e-06,2.78457207436646e-05,1.67457702718033,0.743796738645543,"DG"
"390","DG(38:4e)",1.16357840320954e-05,6.07176366765705e-05,1.90917794565882,0.932951575950466,"DG"
"391","DG(38:5e)",0.120789083862742,0.177776754197984,0.8278035463273,-0.272639665770899,"DG"
"392","DG(38:6e)",3.69110367013823e-06,2.25392926240356e-05,0.468241091205182,-1.09467654899645,"DG"
"393","DG(38:7e)",5.79168067355033e-10,8.31106176654472e-09,0.481351576253855,-1.05483708022968,"DG"
"394","LPC(14:0)",0.43886721055705,0.521560559417671,0.92593694053978,-0.111014150503733,"LPC"
"395","LPC(16:0)",0.311894200198052,0.390889237802799,1.04821037336555,0.0679282914486835,"LPC"
"396","LPC(16:0e)",2.24862790294027e-09,2.4844348185e-08,0.287803823789868,-1.79684233489382,"LPC"
"397","LPC(16:1e)",1.76554904731516e-10,3.49456949365139e-09,0.327499420481576,-1.61043574112001,"LPC"
"398","LPC(18:0)",0.670891412823686,0.739139483609972,0.882045553761843,-0.18107492834584,"LPC"
"399","LPC(18:1)",0.11013516354319,0.163776124025366,0.793637675933704,-0.333447579252651,"LPC"
"400","LPC(18:1e)",5.4129371876248e-09,5.54826061731542e-08,0.30890585638158,-1.69476087237577,"LPC"
"401","LPC(18:2)",0.323054727068611,0.399640977020222,1.07317425339658,0.101884348322102,"LPC"
"402","LPC(20:1)",0.0178661779308442,0.0356082851816131,0.819919321229113,-0.286446137094459,"LPC"
"403","LPC(20:2)",0.287347147330859,0.365714551148366,0.977592888253216,-0.0326943049426029,"LPC"
"404","LPC(20:4)",0.000462624326806149,0.00153495007853601,1.62226895517519,0.698013023088382,"LPC"
"405","LPC(22:4)",0.362929376098764,0.441359029408243,1.4642033216525,0.550115902510347,"LPC"
"406","LPC(22:5)",0.140688779980118,0.201198496975244,1.74886547817036,0.806419322169597,"LPC"
"407","LPC(22:6)",0.0523601220778631,0.087623061436424,1.37191495259172,0.456191049092943,"LPC"
"408","LPE(16:0)",0.0608916766019717,0.0995778415086375,1.39913598835303,0.484536191371817,"LPE"
"409","LPE(16:1e)",0.000563064457017108,0.00179554999071011,0.702709722242431,-0.508999235981348,"LPE"
"410","LPE(18:0)",0.318240835681576,0.39539012918014,1.19701838625896,0.259445312315591,"LPE"
"411","LPE(18:1)",0.779485726540687,0.828564457471026,1.09181787179635,0.12673221764022,"LPE"
"412","LPE(18:1e)",3.5656645243781e-05,0.000163735314959443,0.49502270764513,-1.01443338897669,"LPE"
"413","LPE(18:2)",0.047002584051836,0.0798209563483842,0.812249314140425,-0.300005474537129,"LPE"
"414","LPE(20:4)",2.37455372978261e-05,0.000114623998002434,2.63171557161323,1.39600357509266,"LPE"
"415","LPE(22:4)",7.23951274425283e-05,0.000301121761971096,3.29053752553102,1.71832327456077,"LPE"
"416","LPE(22:5)",0.00623028625521205,0.0143047372419669,2.3699249993068,1.24484140307279,"LPE"
"417","LPE(22:6)",0.000752354859596653,0.00234702005113304,2.29432508200611,1.19806982072197,"LPE"
"418","LPG(18:1)",0.902995642944215,0.92557053401782,1.08939003091524,0.123520570147651,"LPG"
"419","LPG(22:5)",0.128879849966913,0.187758969241137,1.25946997187072,0.33281672592318,"LPG"
"420","LPI(20:4)",0.00601072219084545,0.0139682369941105,1.47674056503994,0.562416394548354,"LPI"
"421","LPS(18:1)",0.318228644536719,0.39539012918014,0.858740094539652,-0.219706542168783,"LPS"
"422","PC(14:0_14:0)",0.971095849609577,0.976197929379855,1.01870068672727,0.0267302230384831,"PC"
"423","PC(14:0_20:4)",0.000388715454723019,0.00131248630006478,1.46535831561381,0.55125348167945,"PC"
"424","PC(14:0_22:6)",0.000549465022707298,0.00178188092109598,1.28021765445658,0.356389108905527,"PC"
"425","PC(16:0_14:0)",0.00138157050300435,0.00384961878021602,1.25826860410378,0.331439928929459,"PC"
"426","PC(16:0_16:0)",1.13984616482783e-08,1.07257655510028e-07,1.60296044016201,0.680738821321324,"PC"
"427","PC(16:0_18:1)",5.61215213132938e-05,0.00024040114353605,1.15980742422516,0.213885278473943,"PC"
"428","PC(16:0_18:3)",3.57548562314079e-06,2.20680510503528e-05,1.49181305714312,0.577066759165309,"PC"
"429","PC(16:0_20:4)",6.2314887914016e-08,5.41950691858261e-07,1.41536182618243,0.501170913912385,"PC"
"430","PC(16:0_22:4)",4.90603412774269e-06,2.8160635893243e-05,1.48617525461737,0.571604253197501,"PC"
"431","PC(16:0_22:5)",0.000272785585105542,0.000978618286566134,1.71371761581782,0.777129403603059,"PC"
"432","PC(16:0_22:6)",0.709728276299525,0.771560664007438,1.05237554898331,0.0736496342603797,"PC"
"433","PC(16:0e_16:1)",7.83126984269871e-05,0.000316572938229344,0.59945354166513,-0.738280147430554,"PC"
"434","PC(16:0e_20:4)",0.000379093497635916,0.00129523611692271,0.650402801219163,-0.620594623919238,"PC"
"435","PC(16:1e_20:4)",0.00607149581089534,0.013996138937566,0.760542623470833,-0.394898990991723,"PC"
"436","PC(18:0_18:1)",0.981593853295823,0.985025999636018,1.05055986435783,0.0711583738638009,"PC"
"437","PC(18:0_18:2)",0.784544753120429,0.832400532885631,1.00604528806398,0.00869525086381428,"PC"
"438","PC(18:0_20:4)",1.43662961271441e-05,7.42905763691954e-05,1.33554290111165,0.41742631983445,"PC"
"439","PC(18:0_22:4)",0.0090847612956458,0.0195305355194782,1.27866563716497,0.354639058067428,"PC"
"440","PC(18:1_18:1)",0.0685191417609163,0.109249964918794,1.13760785660021,0.186003333711857,"PC"
"441","PC(18:1_18:2)",0.00112296258551537,0.00328867614329501,1.31982084137314,0.400342104731644,"PC"
"442","PC(18:1_20:4)",1.30508847134605e-10,2.79381536015257e-09,1.47454998658732,0.560274729947485,"PC"
"443","PC(18:1_22:6)",0.037662532003907,0.0661109888998246,1.21974968424578,0.286585109796345,"PC"
"444","PC(18:2_18:2)",0.254401323655497,0.331878090405126,1.17671218038719,0.234761485451513,"PC"
"445","PC(18:2_20:4)",2.24150793128346e-05,0.000109967995945018,1.51923429265749,0.60334437595584,"PC"
"446","PC(20:0_20:4)",0.000563064457017108,0.00179554999071011,1.50061331607247,0.585552265529457,"PC"
"447","PC(20:4_22:6)",0.0373557053418671,0.0661109888998246,1.16440840472266,0.21959715801194,"PC"
"448","PC(32:1)",0.637611602865379,0.709281124117689,0.934098858029915,-0.0983528528301316,"PC"
"449","PC(36:1e)",1.99249776352043e-05,9.94564148064118e-05,0.419410101135417,-1.25356648695194,"PC"
"450","PC(36:2e)",1.36283676105003e-10,2.79381536015257e-09,0.264937106111935,-1.91627817849317,"PC"
"451","PC(36:4)",2.95138972237585e-06,1.88233077849304e-05,1.26285430024515,0.336688200139662,"PC"
"452","PC(38:4)",0.0121854583320103,0.0252507331500862,1.1906849161713,0.251791691945196,"PC"
"453","PC(38:4e)",1.99259367643508e-05,9.94564148064118e-05,0.561764075169729,-0.831963727866376,"PC"
"454","PC(38:5)",4.60677065577664e-06,2.72606840867607e-05,1.43928987294239,0.525357180084525,"PC"
"455","PC(38:5e)",0.250307397616627,0.327281198706022,0.898150545255405,-0.154970809508972,"PC"
"456","PC(38:6)",0.137387548866985,0.197151132624124,1.11688850841378,0.15948517831318,"PC"
"457","PC(40:8)",3.27108586476364e-05,0.000151419619868897,1.31329634008331,0.39319249134881,"PC"
"458","PC(42:10)",0.00386677309017911,0.00944479895218217,1.28714218798736,0.364171433957571,"PC"
"459","PC(42:5)",0.144442898224073,0.205223325694598,1.50623639780622,0.590948213023181,"PC"
"460","PC(42:7)",0.000189895775282382,0.000721855463656206,1.85075718886345,0.88811563243127,"PC"
"461","PE(14:0_14:0)",0.0216809062316065,0.0421858989048885,1.06287456572307,0.0879713484334685,"PE"
"462","PE(14:0_20:4)",0.0304526501733932,0.0563865199984765,1.24820285449404,0.319852416083468,"PE"
"463","PE(16:0_14:0)",0.231806257231805,0.304477784098526,1.15561793911473,0.208664504715218,"PE"
"464","PE(16:0_18:1)",5.01549766945278e-05,0.000218098156232265,1.42405316813297,0.510003011451654,"PE"
"465","PE(16:0_20:3)",0.200061758437825,0.269566782496037,1.1829849725772,0.242431747282057,"PE"
"466","PE(16:0_20:4)",4.19043965244358e-06,2.50553370885689e-05,1.4726542968083,0.558418799813402,"PE"
"467","PE(16:0_22:5)",8.03465962421488e-07,5.76486828037418e-06,1.76899068597926,0.822926452026731,"PE"
"468","PE(16:0_22:6)",0.00527062731618118,0.0125532783381245,1.29714152236908,0.375335890909303,"PE"
"469","PE(16:0e)",0.0608916766019717,0.0995778415086375,1.39913598835303,0.484536191371817,"PE"
"470","PE(16:0e_18:1)",0.0646119016584757,0.104177616719003,0.791426364410988,-0.337472968960819,"PE"
"471","PE(16:0e_22:4)",0.11161004161622,0.165540475162042,1.21705703946613,0.283396784014298,"PE"
"472","PE(16:1_20:4)",0.205898347524769,0.275491029089085,0.964885776873473,-0.051569928560194,"PE"
"473","PE(16:1_22:6)",0.108657916766383,0.162446239846046,0.97551785624449,-0.0357598141805826,"PE"
"474","PE(16:1e_16:1)",0.00659672533258762,0.0150258743686718,0.513512258758927,-0.961529377370941,"PE"
"475","PE(16:1e_18:1)",0.00112296258551537,0.00328867614329501,0.736851217274624,-0.440554750694768,"PE"
"476","PE(16:1e_20:3)",0.00131978827144437,0.00373181511235994,0.671991964491813,-0.573484113158808,"PE"
"477","PE(16:1e_22:4)",0.000131131263817536,0.000515543461857983,1.49765534065027,0.58270565080224,"PE"
"478","PE(16:1e_22:6)",0.00348047869805445,0.00876225777492655,1.28499649121645,0.361764420032747,"PE"
"479","PE(18:0_18:0)",0.0680197544458667,0.108755819086149,1.13204256626372,0.178928206388005,"PE"
"480","PE(18:0_18:1)",8.42499348259503e-10,1.15141577595465e-08,1.42231172816674,0.508237695191598,"PE"
"481","PE(18:0_20:3)",0.0388915300095674,0.0676476915923991,1.26204111651837,0.335758913197533,"PE"
"482","PE(18:0_20:4)",1.32580306150872e-09,1.72957035751364e-08,1.414485307702,0.500277191498717,"PE"
"483","PE(18:0_22:4)",3.3538546881396e-07,2.56681678798951e-06,1.88198367311939,0.91225411222593,"PE"
"484","PE(18:0_22:5)",2.59439559155991e-05,0.000123072980954991,2.00158030868441,1.00113950161922,"PE"
"485","PE(18:0e)",0.361539421600399,0.440602182587323,1.17368670353384,0.23104735599607,"PE"
"486","PE(18:0p_22:5)",0.0353034428834878,0.0629322242705653,1.31715288912732,0.397422816804583,"PE"
"487","PE(18:1_18:1)",6.63457667363162e-05,0.000280018162548864,1.4068976236126,0.492517351118812,"PE"
"488","PE(18:1_18:2)",0.18218203493801,0.247216283816591,1.16150918659107,0.216000564733864,"PE"
"489","PE(18:1_20:3)",0.0448518878568982,0.0766219750888678,1.17739596413298,0.235599587515033,"PE"
"490","PE(18:1_20:4)",7.20962279474669e-05,0.000301121761971096,1.41103072851674,0.496749406358985,"PE"
"491","PE(18:1_22:5)",0.00154802878364961,0.00423127867530893,1.44489047776271,0.530960141046437,"PE"
"492","PE(18:1e)",0.779485726540687,0.828564457471026,1.08936329563568,0.123485163794156,"PE"
"493","PE(18:1e_22:3)",0.38631003414821,0.465850224052613,0.895620069094516,-0.159041238359721,"PE"
"494","PE(18:1e_22:4)",0.159565496566009,0.220169699588676,1.16645264344322,0.222127736849345,"PE"
"495","PE(18:1e_22:5)",0.0275468311410445,0.051337276217401,1.29710875672126,0.375299448135832,"PE"
"496","PE(18:1e_22:6)",0.315057016346138,0.393136363875398,1.14791642394115,0.199017607906577,"PE"
"497","PE(18:2_20:4)",1.54030936578194e-06,1.02806694878934e-05,1.56148584773589,0.642919493794113,"PE"
"498","PE(18:2_22:6)",0.000325959101587943,0.00115494150809555,1.30473179362803,0.383753270572484,"PE"
"499","PE(18:2e_20:4)",6.63457667363162e-05,0.000280018162548864,1.28217549884781,0.358593745567216,"PE"
"500","PE(20:0p_22:5)",0.72449548729342,0.780225909392914,1.03602794563403,0.0510629185494446,"PE"
"501","PE(20:4_22:6)",7.5864396290495e-06,4.2277828612373e-05,1.43420639993583,0.520252660536537,"PE"
"502","PE(20:4e)",4.73605208134092e-05,0.000209024875706363,2.43556174721537,1.28425455935252,"PE"
"503","PE(22:4e)",4.66482352191218e-05,0.000207566566013767,3.65169115181916,1.86856475201958,"PE"
"504","PG(16:0_18:1)",0.000369719736649522,0.00127842848696883,1.30970156169499,0.389238106027075,"PG"
"505","PG(16:0_18:2)",0.00355480553880659,0.0088715581707608,2.59986124951544,1.37843463095473,"PG"
"506","PG(18:0_18:1)",0.372033001058657,0.450520975965547,1.22079271359591,0.287818256463962,"PG"
"507","PG(18:1_18:1)",0.724252833129592,0.780225909392914,1.07384333094066,0.102783525760705,"PG"
"508","PG(18:1_18:2)",0.923874288185045,0.941925117971964,1.48412590597701,0.56961348833577,"PG"
"509","PG(18:1_20:2)",0.0268550610740402,0.0502110913892479,0.526059401961754,-0.926702378873676,"PG"
"510","PG(18:1_20:4)",0.166508140887229,0.228649935093946,0.804979482257141,-0.312976083365835,"PG"
"511","PG(18:1_22:4)",0.268376494403156,0.346969226779451,0.714264760392131,-0.485469149900727,"PG"
"512","PG(18:1_22:5)",0.15761555641395,0.219594979269889,1.00949251195603,0.0136302093281655,"PG"
"513","PG(18:2_18:2)",0.284305101146404,0.362733620715469,1.76027239075155,0.815798693850963,"PG"
"514","PG(18:2_20:4)",0.986859336586906,0.988581604190025,1.08986712465537,0.124152254005763,"PG"
"515","PG(20:2_22:5)",0.607347092472752,0.683563198194823,0.891614160825118,-0.165508564886896,"PG"
"516","PG(20:4_22:6)",0.0636651937447492,0.103523572831405,0.76310341670373,-0.390049508790388,"PG"
"517","PG(22:4_22:5)",0.026185854514774,0.0492809196441976,1.28028031604802,0.356459721394407,"PG"
"518","PG(22:4_22:6)",0.845905358671998,0.878028346975998,0.994427498879796,-0.00806190313395661,"PG"
"519","PG(22:5_20:4)",0.134790274130955,0.193908815416461,1.11219249435972,0.15340650624864,"PG"
"520","PG(22:5_22:5)",0.0640811113047806,0.103612839123786,1.42681644851536,0.512799752578954,"PG"
"521","PG(22:5_22:6)",0.446698148634259,0.527581764024824,0.904864397903462,-0.144226487365688,"PG"
"522","PG(22:6_22:6)",0.0670251346028519,0.107464880620215,0.633089681524692,-0.65951821304339,"PG"
"523","PI(16:0_18:2)",0.361538212110349,0.440602182587323,1.27019484233765,0.345049817086867,"PI"
"524","PI(16:0_20:4)",0.013997641713406,0.0285930474857475,1.26937184298124,0.344114746439917,"PI"
"525","PI(16:0_22:6)",0.108674836412686,0.162446239846046,1.1966413641994,0.258990838483176,"PI"
"526","PI(18:0_18:1)",0.29033001486745,0.368693425959991,1.0967866625708,0.133282932502603,"PI"
"527","PI(18:0_20:3)",0.17788027273038,0.242525597499378,0.732365379890778,-0.449364500694209,"PI"
"528","PI(18:0_20:4)",0.00069177112759478,0.002169817635188,1.21991036715973,0.286775149751546,"PI"
"529","PI(18:0_22:4)",0.0264081858104538,0.0495369237098056,1.30564691718753,0.384764805235794,"PI"
"530","PI(18:0_22:6)",0.719560687897639,0.777830197463738,1.01446869580995,0.0207243475031012,"PI"
"531","PI(18:1_18:1)",0.00704960411682024,0.0159309951301371,1.36491196968322,0.448807907191384,"PI"
"532","PI(18:1_20:4)",0.00565817158495409,0.0133653929619903,1.36589036400723,0.449841687397495,"PI"
"533","PI(18:1_22:6)",0.0519606130168378,0.0872087481627628,1.30630597918413,0.385492862388455,"PI"
"534","PS(18:0_18:1)",0.0119593709209032,0.0248738107742758,1.31536098270609,0.395458781640649,"PS"
"535","PS(18:0_20:3)",0.491173073362481,0.570715271477862,1.18700521245486,0.247326270250477,"PS"
"536","PS(18:0_20:4)",0.00595062273071116,0.0138847863716594,1.42317981682732,0.509117955930186,"PS"
"537","PS(18:0_22:4)",0.0350171590545062,0.0626163529510485,1.4275830129652,0.51357463974651,"PS"
"538","PS(18:0_22:5)",0.015195063376062,0.0308196691797158,1.59971712749664,0.677816820839491,"PS"
"539","PS(18:0_22:6)",0.0797036885682487,0.124194552772203,1.29697174772661,0.375147053330057,"PS"
"540","PS(40:7e)",0.00102305129116316,0.00305849708920652,1.16457154822168,0.219799277671312,"PS"
"541","PS(40:8e)",0.049239385678138,0.0828838926077749,1.13245154073906,0.179449316557396,"PS"
"542","SM(d32:0)",0.67570079243898,0.741591309483698,0.849249542302626,-0.235739559313543,"SM"
"543","SM(d32:1)",0.804870017758146,0.847697963657203,0.97817080268056,-0.0318416924245164,"SM"
"544","SM(d32:2)",0.132233050508422,0.19118834002981,1.12421095291873,0.168912775927055,"SM"
"545","SM(d34:0)",0.729441080288745,0.784080861583782,0.972423956728115,-0.0403426587120988,"SM"
"546","SM(d34:1)",0.07261779394711,0.114198941714085,1.13427250235923,0.18176728099793,"SM"
"547","SM(d34:2)",0.882161556001777,0.907456511012581,0.945134075619772,-0.0814090919968191,"SM"
"548","SM(d36:2)",0.442784271416078,0.52403746761408,0.648998303825009,-0.623713387181354,"SM"
"549","SM(d38:2)",0.516392452520056,0.594006548590205,0.855482480456453,-0.2251897850206,"SM"
"550","SM(d40:2)",0.65654461919224,0.72612063856714,0.94268909043192,-0.0851460627483538,"SM"
"551","SM(t34:1)",0.140909051888585,0.201198496975244,1.46949349473017,0.55531897236706,"SM"
"552","SPH(d16:1)",0.171623267187052,0.234551798488971,1.12632535799647,0.171623634314736,"SPH"
"553","SPH(d20:1)",0.32144565858269,0.398509304592795,1.05632459548005,0.0790532251620661,"SPH"
"554","TG(12:0e_6:0_20:4)",0.690207873871635,0.753192622818096,1.0483480918245,0.0681178265762349,"TG"
"555","TG(16:0_16:0_18:1)",1.92402576552774e-10,3.56255093359007e-09,0.612061120642839,-0.708252366731842,"TG"
"556","TG(16:0_18:1_18:1)",1.10578506191356e-06,7.64723645226966e-06,0.673148436534682,-0.571003425059666,"TG"
"557","TG(16:0_18:1_18:2)",0.605046791701756,0.682312099089996,0.93356391856917,-0.0991792916690554,"TG"
"558","TG(16:0_18:1_20:4)",1.15921108243726e-13,2.21795720439663e-11,0.373848050557333,-1.41947608480483,"TG"
"559","TG(16:0_20:4_20:4)",5.16696089118186e-12,2.69621413776217e-10,0.32811681534204,-1.60771856385048,"TG"
"560","TG(16:0_20:4_22:6)",4.29056613329402e-12,2.46278496051077e-10,0.265160427905479,-1.91506260874438,"TG"
"561","TG(18:0_16:0_16:0)",1.11676390772359e-07,9.29018091352671e-07,0.579925365045945,-0.78606085396884,"TG"
"562","TG(18:0_18:1_18:1)",1.07957015435413e-09,1.44110062464947e-08,0.550775840841473,-0.860462816210799,"TG"
"563","TG(18:0_18:1_20:4)",1.77005686468879e-05,8.99126230381738e-05,0.495020090238978,-1.0144410171699,"TG"
"564","TG(18:0_20:4_22:4)",8.98455917046108e-08,7.69721934902188e-07,0.496758564841751,-1.00938325303255,"TG"
"565","TG(18:0e_16:0_16:0)",1.69705232964298e-11,6.49405358143381e-10,0.277872842869274,-1.8475032512532,"TG"
"566","TG(18:0e_18:1_22:5)",5.07812849699508e-07,3.78551397048724e-06,0.288770608137832,-1.79200418663628,"TG"
"567","TG(18:1_18:1_18:1)",1.83775252344752e-09,2.18297790231064e-08,0.5603667297484,-0.835556792672994,"TG"
"568","TG(18:1_18:1_22:4)",1.84424431918055e-07,1.47027255445782e-06,0.498326860688837,-1.00483575498559,"TG"
"569","TG(18:1e_16:0_16:0)",6.77917647712002e-11,1.69184665124647e-09,0.376054394004922,-1.41098674073581,"TG"
"570","TG(18:2_20:4_22:6)",3.07760942548801e-10,4.77445354116249e-09,0.253237136972532,-1.98143910482339,"TG"
"571","TG(20:4_20:4_22:6)",6.66042109159429e-11,1.69184665124647e-09,0.212293450071833,-2.23586823468815,"TG"
"572","TG(22:4_22:4_22:4)",0.931735182887089,0.944238653119704,1.03387766985152,0.0480654936420542,"TG"
"573","TG(8:0_8:0_10:0)",0.0870531713820743,0.133605669447355,3.15783464011023,1.65893562650562,"TG"
"574","TG(8:0_8:0_8:0)",0.0374435054120924,0.0661109888998246,2.82296943349759,1.49721350768233,"TG"
